,date,Uber,metroid
0,2020-03-01,61,US-NC-517
1,2020-03-08,78,US-NC-517
2,2020-03-15,57,US-NC-517
3,2020-03-22,72,US-NC-517
4,2020-03-29,75,US-NC-517
5,2020-04-05,64,US-NC-517
6,2020-04-12,73,US-NC-517
7,2020-04-19,52,US-NC-517
8,2020-04-26,69,US-NC-517
9,2020-05-03,43,US-NC-517
10,2020-05-10,45,US-NC-517
11,2020-05-17,44,US-NC-517
12,2020-05-24,35,US-NC-517
13,2020-05-31,68,US-NC-517
14,2020-06-07,65,US-NC-517
15,2020-06-14,44,US-NC-517
16,2020-06-21,47,US-NC-517
17,2020-06-28,59,US-NC-517
18,2020-07-05,52,US-NC-517
19,2020-07-12,46,US-NC-517
20,2020-07-19,45,US-NC-517
21,2020-07-26,74,US-NC-517
22,2020-08-02,69,US-NC-517
23,2020-08-09,55,US-NC-517
24,2020-08-16,64,US-NC-517
25,2020-08-23,38,US-NC-517
26,2020-08-30,25,US-NC-517
27,2020-09-06,52,US-NC-517
28,2020-09-13,37,US-NC-517
29,2020-09-20,35,US-NC-517
30,2020-09-27,55,US-NC-517
31,2020-10-04,77,US-NC-517
32,2020-10-11,52,US-NC-517
33,2020-10-18,76,US-NC-517
34,2020-10-25,67,US-NC-517
35,2020-11-01,50,US-NC-517
36,2020-11-08,72,US-NC-517
37,2020-11-15,29,US-NC-517
38,2020-11-22,53,US-NC-517
39,2020-11-29,49,US-NC-517
40,2020-12-06,89,US-NC-517
41,2020-12-13,47,US-NC-517
42,2020-12-20,68,US-NC-517
43,2020-12-27,61,US-NC-517
44,2021-01-03,41,US-NC-517
45,2021-01-10,52,US-NC-517
46,2021-01-17,78,US-NC-517
47,2021-01-24,77,US-NC-517
48,2021-01-31,97,US-NC-517
49,2021-02-07,60,US-NC-517
50,2021-02-14,75,US-NC-517
51,2021-02-21,43,US-NC-517
52,2021-02-28,62,US-NC-517
53,2021-03-07,66,US-NC-517
54,2021-03-14,64,US-NC-517
55,2021-03-21,68,US-NC-517
56,2021-03-28,82,US-NC-517
57,2021-04-04,77,US-NC-517
58,2021-04-11,61,US-NC-517
59,2021-04-18,53,US-NC-517
60,2021-04-25,50,US-NC-517
61,2021-05-02,64,US-NC-517
62,2021-05-09,54,US-NC-517
63,2021-05-16,71,US-NC-517
64,2021-05-23,73,US-NC-517
65,2021-05-30,100,US-NC-517
66,2021-06-06,61,US-NC-517
67,2021-06-13,76,US-NC-517
68,2021-06-20,93,US-NC-517
69,2021-06-27,48,US-NC-517
70,2021-07-04,83,US-NC-517
71,2021-07-11,62,US-NC-517
72,2021-07-18,68,US-NC-517
73,2021-07-25,58,US-NC-517
74,2021-08-01,44,US-NC-517
75,2021-08-08,76,US-NC-517
76,2021-08-15,70,US-NC-517
77,2021-08-22,62,US-NC-517
78,2021-08-29,72,US-NC-517
79,2020-03-01,61,US-FL-539
80,2020-03-08,74,US-FL-539
81,2020-03-15,100,US-FL-539
82,2020-03-22,69,US-FL-539
83,2020-03-29,66,US-FL-539
84,2020-04-05,63,US-FL-539
85,2020-04-12,48,US-FL-539
86,2020-04-19,60,US-FL-539
87,2020-04-26,61,US-FL-539
88,2020-05-03,66,US-FL-539
89,2020-05-10,73,US-FL-539
90,2020-05-17,61,US-FL-539
91,2020-05-24,50,US-FL-539
92,2020-05-31,57,US-FL-539
93,2020-06-07,58,US-FL-539
94,2020-06-14,61,US-FL-539
95,2020-06-21,51,US-FL-539
96,2020-06-28,62,US-FL-539
97,2020-07-05,50,US-FL-539
98,2020-07-12,66,US-FL-539
99,2020-07-19,52,US-FL-539
100,2020-07-26,52,US-FL-539
101,2020-08-02,60,US-FL-539
102,2020-08-09,60,US-FL-539
103,2020-08-16,74,US-FL-539
104,2020-08-23,59,US-FL-539
105,2020-08-30,45,US-FL-539
106,2020-09-06,75,US-FL-539
107,2020-09-13,52,US-FL-539
108,2020-09-20,54,US-FL-539
109,2020-09-27,59,US-FL-539
110,2020-10-04,46,US-FL-539
111,2020-10-11,53,US-FL-539
112,2020-10-18,72,US-FL-539
113,2020-10-25,55,US-FL-539
114,2020-11-01,41,US-FL-539
115,2020-11-08,66,US-FL-539
116,2020-11-15,61,US-FL-539
117,2020-11-22,58,US-FL-539
118,2020-11-29,72,US-FL-539
119,2020-12-06,44,US-FL-539
120,2020-12-13,60,US-FL-539
121,2020-12-20,42,US-FL-539
122,2020-12-27,62,US-FL-539
123,2021-01-03,51,US-FL-539
124,2021-01-10,54,US-FL-539
125,2021-01-17,67,US-FL-539
126,2021-01-24,53,US-FL-539
127,2021-01-31,72,US-FL-539
128,2021-02-07,59,US-FL-539
129,2021-02-14,63,US-FL-539
130,2021-02-21,54,US-FL-539
131,2021-02-28,64,US-FL-539
132,2021-03-07,75,US-FL-539
133,2021-03-14,72,US-FL-539
134,2021-03-21,61,US-FL-539
135,2021-03-28,76,US-FL-539
136,2021-04-04,60,US-FL-539
137,2021-04-11,67,US-FL-539
138,2021-04-18,65,US-FL-539
139,2021-04-25,66,US-FL-539
140,2021-05-02,71,US-FL-539
141,2021-05-09,69,US-FL-539
142,2021-05-16,56,US-FL-539
143,2021-05-23,62,US-FL-539
144,2021-05-30,73,US-FL-539
145,2021-06-06,81,US-FL-539
146,2021-06-13,79,US-FL-539
147,2021-06-20,84,US-FL-539
148,2021-06-27,74,US-FL-539
149,2021-07-04,67,US-FL-539
150,2021-07-11,53,US-FL-539
151,2021-07-18,82,US-FL-539
152,2021-07-25,57,US-FL-539
153,2021-08-01,81,US-FL-539
154,2021-08-08,75,US-FL-539
155,2021-08-15,56,US-FL-539
156,2021-08-22,57,US-FL-539
157,2021-08-29,59,US-FL-539
158,2020-03-01,92,US-FL-534
159,2020-03-08,66,US-FL-534
160,2020-03-15,83,US-FL-534
161,2020-03-22,73,US-FL-534
162,2020-03-29,57,US-FL-534
163,2020-04-05,59,US-FL-534
164,2020-04-12,56,US-FL-534
165,2020-04-19,58,US-FL-534
166,2020-04-26,42,US-FL-534
167,2020-05-03,65,US-FL-534
168,2020-05-10,65,US-FL-534
169,2020-05-17,44,US-FL-534
170,2020-05-24,48,US-FL-534
171,2020-05-31,57,US-FL-534
172,2020-06-07,29,US-FL-534
173,2020-06-14,50,US-FL-534
174,2020-06-21,56,US-FL-534
175,2020-06-28,57,US-FL-534
176,2020-07-05,48,US-FL-534
177,2020-07-12,68,US-FL-534
178,2020-07-19,52,US-FL-534
179,2020-07-26,66,US-FL-534
180,2020-08-02,46,US-FL-534
181,2020-08-09,69,US-FL-534
182,2020-08-16,52,US-FL-534
183,2020-08-23,54,US-FL-534
184,2020-08-30,52,US-FL-534
185,2020-09-06,50,US-FL-534
186,2020-09-13,73,US-FL-534
187,2020-09-20,53,US-FL-534
188,2020-09-27,66,US-FL-534
189,2020-10-04,46,US-FL-534
190,2020-10-11,60,US-FL-534
191,2020-10-18,79,US-FL-534
192,2020-10-25,57,US-FL-534
193,2020-11-01,60,US-FL-534
194,2020-11-08,46,US-FL-534
195,2020-11-15,58,US-FL-534
196,2020-11-22,48,US-FL-534
197,2020-11-29,62,US-FL-534
198,2020-12-06,86,US-FL-534
199,2020-12-13,63,US-FL-534
200,2020-12-20,60,US-FL-534
201,2020-12-27,67,US-FL-534
202,2021-01-03,68,US-FL-534
203,2021-01-10,67,US-FL-534
204,2021-01-17,55,US-FL-534
205,2021-01-24,83,US-FL-534
206,2021-01-31,52,US-FL-534
207,2021-02-07,77,US-FL-534
208,2021-02-14,83,US-FL-534
209,2021-02-21,73,US-FL-534
210,2021-02-28,67,US-FL-534
211,2021-03-07,82,US-FL-534
212,2021-03-14,92,US-FL-534
213,2021-03-21,72,US-FL-534
214,2021-03-28,69,US-FL-534
215,2021-04-04,92,US-FL-534
216,2021-04-11,100,US-FL-534
217,2021-04-18,64,US-FL-534
218,2021-04-25,79,US-FL-534
219,2021-05-02,75,US-FL-534
220,2021-05-09,89,US-FL-534
221,2021-05-16,65,US-FL-534
222,2021-05-23,63,US-FL-534
223,2021-05-30,91,US-FL-534
224,2021-06-06,67,US-FL-534
225,2021-06-13,92,US-FL-534
226,2021-06-20,85,US-FL-534
227,2021-06-27,83,US-FL-534
228,2021-07-04,87,US-FL-534
229,2021-07-11,86,US-FL-534
230,2021-07-18,56,US-FL-534
231,2021-07-25,59,US-FL-534
232,2021-08-01,88,US-FL-534
233,2021-08-08,67,US-FL-534
234,2021-08-15,82,US-FL-534
235,2021-08-22,71,US-FL-534
236,2021-08-29,70,US-FL-534
237,2020-03-01,93,US-PA-508
238,2020-03-08,81,US-PA-508
239,2020-03-15,100,US-PA-508
240,2020-03-22,87,US-PA-508
241,2020-03-29,52,US-PA-508
242,2020-04-05,52,US-PA-508
243,2020-04-12,76,US-PA-508
244,2020-04-19,68,US-PA-508
245,2020-04-26,63,US-PA-508
246,2020-05-03,55,US-PA-508
247,2020-05-10,43,US-PA-508
248,2020-05-17,63,US-PA-508
249,2020-05-24,39,US-PA-508
250,2020-05-31,57,US-PA-508
251,2020-06-07,59,US-PA-508
252,2020-06-14,50,US-PA-508
253,2020-06-21,51,US-PA-508
254,2020-06-28,42,US-PA-508
255,2020-07-05,27,US-PA-508
256,2020-07-12,52,US-PA-508
257,2020-07-19,49,US-PA-508
258,2020-07-26,85,US-PA-508
259,2020-08-02,49,US-PA-508
260,2020-08-09,56,US-PA-508
261,2020-08-16,49,US-PA-508
262,2020-08-23,46,US-PA-508
263,2020-08-30,63,US-PA-508
264,2020-09-06,64,US-PA-508
265,2020-09-13,52,US-PA-508
266,2020-09-20,46,US-PA-508
267,2020-09-27,48,US-PA-508
268,2020-10-04,46,US-PA-508
269,2020-10-11,57,US-PA-508
270,2020-10-18,26,US-PA-508
271,2020-10-25,41,US-PA-508
272,2020-11-01,63,US-PA-508
273,2020-11-08,54,US-PA-508
274,2020-11-15,47,US-PA-508
275,2020-11-22,59,US-PA-508
276,2020-11-29,68,US-PA-508
277,2020-12-06,67,US-PA-508
278,2020-12-13,65,US-PA-508
279,2020-12-20,27,US-PA-508
280,2020-12-27,48,US-PA-508
281,2021-01-03,53,US-PA-508
282,2021-01-10,44,US-PA-508
283,2021-01-17,53,US-PA-508
284,2021-01-24,80,US-PA-508
285,2021-01-31,53,US-PA-508
286,2021-02-07,53,US-PA-508
287,2021-02-14,36,US-PA-508
288,2021-02-21,68,US-PA-508
289,2021-02-28,58,US-PA-508
290,2021-03-07,88,US-PA-508
291,2021-03-14,34,US-PA-508
292,2021-03-21,62,US-PA-508
293,2021-03-28,52,US-PA-508
294,2021-04-04,75,US-PA-508
295,2021-04-11,91,US-PA-508
296,2021-04-18,40,US-PA-508
297,2021-04-25,47,US-PA-508
298,2021-05-02,59,US-PA-508
299,2021-05-09,65,US-PA-508
300,2021-05-16,86,US-PA-508
301,2021-05-23,72,US-PA-508
302,2021-05-30,69,US-PA-508
303,2021-06-06,47,US-PA-508
304,2021-06-13,67,US-PA-508
305,2021-06-20,43,US-PA-508
306,2021-06-27,44,US-PA-508
307,2021-07-04,72,US-PA-508
308,2021-07-11,54,US-PA-508
309,2021-07-18,36,US-PA-508
310,2021-07-25,35,US-PA-508
311,2021-08-01,79,US-PA-508
312,2021-08-08,47,US-PA-508
313,2021-08-15,73,US-PA-508
314,2021-08-22,42,US-PA-508
315,2021-08-29,50,US-PA-508
316,2020-03-01,80,US-FL-528
317,2020-03-08,67,US-FL-528
318,2020-03-15,80,US-FL-528
319,2020-03-22,74,US-FL-528
320,2020-03-29,62,US-FL-528
321,2020-04-05,59,US-FL-528
322,2020-04-12,53,US-FL-528
323,2020-04-19,72,US-FL-528
324,2020-04-26,80,US-FL-528
325,2020-05-03,61,US-FL-528
326,2020-05-10,50,US-FL-528
327,2020-05-17,53,US-FL-528
328,2020-05-24,56,US-FL-528
329,2020-05-31,55,US-FL-528
330,2020-06-07,43,US-FL-528
331,2020-06-14,61,US-FL-528
332,2020-06-21,59,US-FL-528
333,2020-06-28,63,US-FL-528
334,2020-07-05,63,US-FL-528
335,2020-07-12,66,US-FL-528
336,2020-07-19,62,US-FL-528
337,2020-07-26,54,US-FL-528
338,2020-08-02,60,US-FL-528
339,2020-08-09,50,US-FL-528
340,2020-08-16,47,US-FL-528
341,2020-08-23,50,US-FL-528
342,2020-08-30,53,US-FL-528
343,2020-09-06,48,US-FL-528
344,2020-09-13,50,US-FL-528
345,2020-09-20,55,US-FL-528
346,2020-09-27,59,US-FL-528
347,2020-10-04,64,US-FL-528
348,2020-10-11,63,US-FL-528
349,2020-10-18,34,US-FL-528
350,2020-10-25,47,US-FL-528
351,2020-11-01,43,US-FL-528
352,2020-11-08,47,US-FL-528
353,2020-11-15,42,US-FL-528
354,2020-11-22,63,US-FL-528
355,2020-11-29,70,US-FL-528
356,2020-12-06,51,US-FL-528
357,2020-12-13,47,US-FL-528
358,2020-12-20,55,US-FL-528
359,2020-12-27,54,US-FL-528
360,2021-01-03,54,US-FL-528
361,2021-01-10,54,US-FL-528
362,2021-01-17,66,US-FL-528
363,2021-01-24,62,US-FL-528
364,2021-01-31,54,US-FL-528
365,2021-02-07,64,US-FL-528
366,2021-02-14,54,US-FL-528
367,2021-02-21,54,US-FL-528
368,2021-02-28,51,US-FL-528
369,2021-03-07,56,US-FL-528
370,2021-03-14,65,US-FL-528
371,2021-03-21,82,US-FL-528
372,2021-03-28,67,US-FL-528
373,2021-04-04,72,US-FL-528
374,2021-04-11,100,US-FL-528
375,2021-04-18,70,US-FL-528
376,2021-04-25,69,US-FL-528
377,2021-05-02,62,US-FL-528
378,2021-05-09,80,US-FL-528
379,2021-05-16,67,US-FL-528
380,2021-05-23,63,US-FL-528
381,2021-05-30,71,US-FL-528
382,2021-06-06,72,US-FL-528
383,2021-06-13,65,US-FL-528
384,2021-06-20,68,US-FL-528
385,2021-06-27,74,US-FL-528
386,2021-07-04,72,US-FL-528
387,2021-07-11,54,US-FL-528
388,2021-07-18,89,US-FL-528
389,2021-07-25,78,US-FL-528
390,2021-08-01,72,US-FL-528
391,2021-08-08,56,US-FL-528
392,2021-08-15,67,US-FL-528
393,2021-08-22,76,US-FL-528
394,2021-08-29,54,US-FL-528
395,2020-03-01,51,US-CA-862
396,2020-03-08,60,US-CA-862
397,2020-03-15,90,US-CA-862
398,2020-03-22,58,US-CA-862
399,2020-03-29,68,US-CA-862
400,2020-04-05,53,US-CA-862
401,2020-04-12,60,US-CA-862
402,2020-04-19,47,US-CA-862
403,2020-04-26,68,US-CA-862
404,2020-05-03,51,US-CA-862
405,2020-05-10,73,US-CA-862
406,2020-05-17,37,US-CA-862
407,2020-05-24,49,US-CA-862
408,2020-05-31,65,US-CA-862
409,2020-06-07,56,US-CA-862
410,2020-06-14,52,US-CA-862
411,2020-06-21,60,US-CA-862
412,2020-06-28,59,US-CA-862
413,2020-07-05,68,US-CA-862
414,2020-07-12,54,US-CA-862
415,2020-07-19,35,US-CA-862
416,2020-07-26,52,US-CA-862
417,2020-08-02,55,US-CA-862
418,2020-08-09,54,US-CA-862
419,2020-08-16,100,US-CA-862
420,2020-08-23,37,US-CA-862
421,2020-08-30,39,US-CA-862
422,2020-09-06,52,US-CA-862
423,2020-09-13,39,US-CA-862
424,2020-09-20,62,US-CA-862
425,2020-09-27,61,US-CA-862
426,2020-10-04,60,US-CA-862
427,2020-10-11,80,US-CA-862
428,2020-10-18,63,US-CA-862
429,2020-10-25,53,US-CA-862
430,2020-11-01,45,US-CA-862
431,2020-11-08,46,US-CA-862
432,2020-11-15,55,US-CA-862
433,2020-11-22,64,US-CA-862
434,2020-11-29,68,US-CA-862
435,2020-12-06,50,US-CA-862
436,2020-12-13,29,US-CA-862
437,2020-12-20,54,US-CA-862
438,2020-12-27,46,US-CA-862
439,2021-01-03,46,US-CA-862
440,2021-01-10,57,US-CA-862
441,2021-01-17,39,US-CA-862
442,2021-01-24,49,US-CA-862
443,2021-01-31,31,US-CA-862
444,2021-02-07,55,US-CA-862
445,2021-02-14,68,US-CA-862
446,2021-02-21,62,US-CA-862
447,2021-02-28,57,US-CA-862
448,2021-03-07,80,US-CA-862
449,2021-03-14,79,US-CA-862
450,2021-03-21,27,US-CA-862
451,2021-03-28,74,US-CA-862
452,2021-04-04,67,US-CA-862
453,2021-04-11,64,US-CA-862
454,2021-04-18,51,US-CA-862
455,2021-04-25,47,US-CA-862
456,2021-05-02,62,US-CA-862
457,2021-05-09,63,US-CA-862
458,2021-05-16,70,US-CA-862
459,2021-05-23,52,US-CA-862
460,2021-05-30,50,US-CA-862
461,2021-06-06,41,US-CA-862
462,2021-06-13,80,US-CA-862
463,2021-06-20,42,US-CA-862
464,2021-06-27,68,US-CA-862
465,2021-07-04,61,US-CA-862
466,2021-07-11,62,US-CA-862
467,2021-07-18,80,US-CA-862
468,2021-07-25,52,US-CA-862
469,2021-08-01,55,US-CA-862
470,2021-08-08,51,US-CA-862
471,2021-08-15,43,US-CA-862
472,2021-08-22,85,US-CA-862
473,2021-08-29,43,US-CA-862
474,2020-03-01,91,US-MI-505
475,2020-03-08,66,US-MI-505
476,2020-03-15,100,US-MI-505
477,2020-03-22,72,US-MI-505
478,2020-03-29,57,US-MI-505
479,2020-04-05,52,US-MI-505
480,2020-04-12,44,US-MI-505
481,2020-04-19,36,US-MI-505
482,2020-04-26,57,US-MI-505
483,2020-05-03,70,US-MI-505
484,2020-05-10,63,US-MI-505
485,2020-05-17,76,US-MI-505
486,2020-05-24,49,US-MI-505
487,2020-05-31,38,US-MI-505
488,2020-06-07,49,US-MI-505
489,2020-06-14,53,US-MI-505
490,2020-06-21,67,US-MI-505
491,2020-06-28,57,US-MI-505
492,2020-07-05,66,US-MI-505
493,2020-07-12,58,US-MI-505
494,2020-07-19,42,US-MI-505
495,2020-07-26,47,US-MI-505
496,2020-08-02,44,US-MI-505
497,2020-08-09,37,US-MI-505
498,2020-08-16,63,US-MI-505
499,2020-08-23,45,US-MI-505
500,2020-08-30,23,US-MI-505
501,2020-09-06,41,US-MI-505
502,2020-09-13,65,US-MI-505
503,2020-09-20,58,US-MI-505
504,2020-09-27,67,US-MI-505
505,2020-10-04,28,US-MI-505
506,2020-10-11,40,US-MI-505
507,2020-10-18,50,US-MI-505
508,2020-10-25,49,US-MI-505
509,2020-11-01,60,US-MI-505
510,2020-11-08,70,US-MI-505
511,2020-11-15,67,US-MI-505
512,2020-11-22,48,US-MI-505
513,2020-11-29,55,US-MI-505
514,2020-12-06,56,US-MI-505
515,2020-12-13,62,US-MI-505
516,2020-12-20,42,US-MI-505
517,2020-12-27,57,US-MI-505
518,2021-01-03,40,US-MI-505
519,2021-01-10,51,US-MI-505
520,2021-01-17,51,US-MI-505
521,2021-01-24,51,US-MI-505
522,2021-01-31,60,US-MI-505
523,2021-02-07,55,US-MI-505
524,2021-02-14,74,US-MI-505
525,2021-02-21,80,US-MI-505
526,2021-02-28,39,US-MI-505
527,2021-03-07,48,US-MI-505
528,2021-03-14,40,US-MI-505
529,2021-03-21,81,US-MI-505
530,2021-03-28,84,US-MI-505
531,2021-04-04,43,US-MI-505
532,2021-04-11,40,US-MI-505
533,2021-04-18,53,US-MI-505
534,2021-04-25,46,US-MI-505
535,2021-05-02,56,US-MI-505
536,2021-05-09,51,US-MI-505
537,2021-05-16,63,US-MI-505
538,2021-05-23,36,US-MI-505
539,2021-05-30,46,US-MI-505
540,2021-06-06,49,US-MI-505
541,2021-06-13,54,US-MI-505
542,2021-06-20,60,US-MI-505
543,2021-06-27,57,US-MI-505
544,2021-07-04,38,US-MI-505
545,2021-07-11,51,US-MI-505
546,2021-07-18,41,US-MI-505
547,2021-07-25,49,US-MI-505
548,2021-08-01,38,US-MI-505
549,2021-08-08,47,US-MI-505
550,2021-08-15,60,US-MI-505
551,2021-08-22,56,US-MI-505
552,2021-08-29,35,US-MI-505
553,2020-03-01,84,US-CO-751
554,2020-03-08,74,US-CO-751
555,2020-03-15,82,US-CO-751
556,2020-03-22,90,US-CO-751
557,2020-03-29,69,US-CO-751
558,2020-04-05,62,US-CO-751
559,2020-04-12,66,US-CO-751
560,2020-04-19,47,US-CO-751
561,2020-04-26,54,US-CO-751
562,2020-05-03,81,US-CO-751
563,2020-05-10,51,US-CO-751
564,2020-05-17,68,US-CO-751
565,2020-05-24,58,US-CO-751
566,2020-05-31,64,US-CO-751
567,2020-06-07,43,US-CO-751
568,2020-06-14,71,US-CO-751
569,2020-06-21,55,US-CO-751
570,2020-06-28,56,US-CO-751
571,2020-07-05,53,US-CO-751
572,2020-07-12,68,US-CO-751
573,2020-07-19,48,US-CO-751
574,2020-07-26,46,US-CO-751
575,2020-08-02,59,US-CO-751
576,2020-08-09,75,US-CO-751
577,2020-08-16,75,US-CO-751
578,2020-08-23,73,US-CO-751
579,2020-08-30,43,US-CO-751
580,2020-09-06,63,US-CO-751
581,2020-09-13,80,US-CO-751
582,2020-09-20,70,US-CO-751
583,2020-09-27,65,US-CO-751
584,2020-10-04,71,US-CO-751
585,2020-10-11,47,US-CO-751
586,2020-10-18,68,US-CO-751
587,2020-10-25,73,US-CO-751
588,2020-11-01,57,US-CO-751
589,2020-11-08,35,US-CO-751
590,2020-11-15,71,US-CO-751
591,2020-11-22,59,US-CO-751
592,2020-11-29,65,US-CO-751
593,2020-12-06,72,US-CO-751
594,2020-12-13,70,US-CO-751
595,2020-12-20,78,US-CO-751
596,2020-12-27,60,US-CO-751
597,2021-01-03,70,US-CO-751
598,2021-01-10,64,US-CO-751
599,2021-01-17,71,US-CO-751
600,2021-01-24,64,US-CO-751
601,2021-01-31,66,US-CO-751
602,2021-02-07,49,US-CO-751
603,2021-02-14,75,US-CO-751
604,2021-02-21,82,US-CO-751
605,2021-02-28,54,US-CO-751
606,2021-03-07,56,US-CO-751
607,2021-03-14,93,US-CO-751
608,2021-03-21,51,US-CO-751
609,2021-03-28,100,US-CO-751
610,2021-04-04,71,US-CO-751
611,2021-04-11,59,US-CO-751
612,2021-04-18,98,US-CO-751
613,2021-04-25,76,US-CO-751
614,2021-05-02,70,US-CO-751
615,2021-05-09,69,US-CO-751
616,2021-05-16,89,US-CO-751
617,2021-05-23,95,US-CO-751
618,2021-05-30,78,US-CO-751
619,2021-06-06,74,US-CO-751
620,2021-06-13,74,US-CO-751
621,2021-06-20,79,US-CO-751
622,2021-06-27,74,US-CO-751
623,2021-07-04,59,US-CO-751
624,2021-07-11,97,US-CO-751
625,2021-07-18,96,US-CO-751
626,2021-07-25,74,US-CO-751
627,2021-08-01,71,US-CO-751
628,2021-08-08,97,US-CO-751
629,2021-08-15,78,US-CO-751
630,2021-08-22,91,US-CO-751
631,2021-08-29,83,US-CO-751
632,2020-03-01,69,US-WA-819
633,2020-03-08,62,US-WA-819
634,2020-03-15,100,US-WA-819
635,2020-03-22,80,US-WA-819
636,2020-03-29,80,US-WA-819
637,2020-04-05,82,US-WA-819
638,2020-04-12,70,US-WA-819
639,2020-04-19,66,US-WA-819
640,2020-04-26,64,US-WA-819
641,2020-05-03,82,US-WA-819
642,2020-05-10,54,US-WA-819
643,2020-05-17,65,US-WA-819
644,2020-05-24,39,US-WA-819
645,2020-05-31,49,US-WA-819
646,2020-06-07,48,US-WA-819
647,2020-06-14,65,US-WA-819
648,2020-06-21,64,US-WA-819
649,2020-06-28,53,US-WA-819
650,2020-07-05,57,US-WA-819
651,2020-07-12,71,US-WA-819
652,2020-07-19,60,US-WA-819
653,2020-07-26,57,US-WA-819
654,2020-08-02,67,US-WA-819
655,2020-08-09,63,US-WA-819
656,2020-08-16,87,US-WA-819
657,2020-08-23,71,US-WA-819
658,2020-08-30,50,US-WA-819
659,2020-09-06,46,US-WA-819
660,2020-09-13,47,US-WA-819
661,2020-09-20,61,US-WA-819
662,2020-09-27,34,US-WA-819
663,2020-10-04,41,US-WA-819
664,2020-10-11,42,US-WA-819
665,2020-10-18,50,US-WA-819
666,2020-10-25,35,US-WA-819
667,2020-11-01,54,US-WA-819
668,2020-11-08,53,US-WA-819
669,2020-11-15,61,US-WA-819
670,2020-11-22,48,US-WA-819
671,2020-11-29,41,US-WA-819
672,2020-12-06,59,US-WA-819
673,2020-12-13,52,US-WA-819
674,2020-12-20,65,US-WA-819
675,2020-12-27,65,US-WA-819
676,2021-01-03,52,US-WA-819
677,2021-01-10,60,US-WA-819
678,2021-01-17,47,US-WA-819
679,2021-01-24,57,US-WA-819
680,2021-01-31,54,US-WA-819
681,2021-02-07,55,US-WA-819
682,2021-02-14,63,US-WA-819
683,2021-02-21,61,US-WA-819
684,2021-02-28,35,US-WA-819
685,2021-03-07,49,US-WA-819
686,2021-03-14,62,US-WA-819
687,2021-03-21,49,US-WA-819
688,2021-03-28,63,US-WA-819
689,2021-04-04,64,US-WA-819
690,2021-04-11,68,US-WA-819
691,2021-04-18,52,US-WA-819
692,2021-04-25,58,US-WA-819
693,2021-05-02,55,US-WA-819
694,2021-05-09,45,US-WA-819
695,2021-05-16,59,US-WA-819
696,2021-05-23,55,US-WA-819
697,2021-05-30,61,US-WA-819
698,2021-06-06,79,US-WA-819
699,2021-06-13,59,US-WA-819
700,2021-06-20,78,US-WA-819
701,2021-06-27,76,US-WA-819
702,2021-07-04,70,US-WA-819
703,2021-07-11,61,US-WA-819
704,2021-07-18,45,US-WA-819
705,2021-07-25,47,US-WA-819
706,2021-08-01,64,US-WA-819
707,2021-08-08,58,US-WA-819
708,2021-08-15,46,US-WA-819
709,2021-08-22,55,US-WA-819
710,2021-08-29,60,US-WA-819
711,2020-03-01,92,US-IL-602
712,2020-03-08,76,US-IL-602
713,2020-03-15,100,US-IL-602
714,2020-03-22,92,US-IL-602
715,2020-03-29,70,US-IL-602
716,2020-04-05,77,US-IL-602
717,2020-04-12,72,US-IL-602
718,2020-04-19,56,US-IL-602
719,2020-04-26,67,US-IL-602
720,2020-05-03,71,US-IL-602
721,2020-05-10,69,US-IL-602
722,2020-05-17,71,US-IL-602
723,2020-05-24,65,US-IL-602
724,2020-05-31,65,US-IL-602
725,2020-06-07,56,US-IL-602
726,2020-06-14,59,US-IL-602
727,2020-06-21,63,US-IL-602
728,2020-06-28,66,US-IL-602
729,2020-07-05,72,US-IL-602
730,2020-07-12,66,US-IL-602
731,2020-07-19,58,US-IL-602
732,2020-07-26,58,US-IL-602
733,2020-08-02,54,US-IL-602
734,2020-08-09,59,US-IL-602
735,2020-08-16,59,US-IL-602
736,2020-08-23,55,US-IL-602
737,2020-08-30,51,US-IL-602
738,2020-09-06,48,US-IL-602
739,2020-09-13,56,US-IL-602
740,2020-09-20,51,US-IL-602
741,2020-09-27,61,US-IL-602
742,2020-10-04,56,US-IL-602
743,2020-10-11,66,US-IL-602
744,2020-10-18,49,US-IL-602
745,2020-10-25,60,US-IL-602
746,2020-11-01,57,US-IL-602
747,2020-11-08,61,US-IL-602
748,2020-11-15,64,US-IL-602
749,2020-11-22,57,US-IL-602
750,2020-11-29,55,US-IL-602
751,2020-12-06,55,US-IL-602
752,2020-12-13,58,US-IL-602
753,2020-12-20,52,US-IL-602
754,2020-12-27,54,US-IL-602
755,2021-01-03,47,US-IL-602
756,2021-01-10,61,US-IL-602
757,2021-01-17,54,US-IL-602
758,2021-01-24,51,US-IL-602
759,2021-01-31,77,US-IL-602
760,2021-02-07,73,US-IL-602
761,2021-02-14,64,US-IL-602
762,2021-02-21,60,US-IL-602
763,2021-02-28,52,US-IL-602
764,2021-03-07,52,US-IL-602
765,2021-03-14,69,US-IL-602
766,2021-03-21,59,US-IL-602
767,2021-03-28,69,US-IL-602
768,2021-04-04,69,US-IL-602
769,2021-04-11,45,US-IL-602
770,2021-04-18,62,US-IL-602
771,2021-04-25,65,US-IL-602
772,2021-05-02,51,US-IL-602
773,2021-05-09,52,US-IL-602
774,2021-05-16,62,US-IL-602
775,2021-05-23,69,US-IL-602
776,2021-05-30,66,US-IL-602
777,2021-06-06,54,US-IL-602
778,2021-06-13,57,US-IL-602
779,2021-06-20,58,US-IL-602
780,2021-06-27,75,US-IL-602
781,2021-07-04,58,US-IL-602
782,2021-07-11,67,US-IL-602
783,2021-07-18,64,US-IL-602
784,2021-07-25,72,US-IL-602
785,2021-08-01,60,US-IL-602
786,2021-08-08,65,US-IL-602
787,2021-08-15,61,US-IL-602
788,2021-08-22,54,US-IL-602
789,2021-08-29,54,US-IL-602
790,2020-03-01,70,US-CA-807
791,2020-03-08,90,US-CA-807
792,2020-03-15,100,US-CA-807
793,2020-03-22,76,US-CA-807
794,2020-03-29,57,US-CA-807
795,2020-04-05,56,US-CA-807
796,2020-04-12,57,US-CA-807
797,2020-04-19,52,US-CA-807
798,2020-04-26,79,US-CA-807
799,2020-05-03,96,US-CA-807
800,2020-05-10,66,US-CA-807
801,2020-05-17,77,US-CA-807
802,2020-05-24,44,US-CA-807
803,2020-05-31,58,US-CA-807
804,2020-06-07,45,US-CA-807
805,2020-06-14,36,US-CA-807
806,2020-06-21,44,US-CA-807
807,2020-06-28,42,US-CA-807
808,2020-07-05,50,US-CA-807
809,2020-07-12,43,US-CA-807
810,2020-07-19,44,US-CA-807
811,2020-07-26,38,US-CA-807
812,2020-08-02,65,US-CA-807
813,2020-08-09,59,US-CA-807
814,2020-08-16,84,US-CA-807
815,2020-08-23,38,US-CA-807
816,2020-08-30,40,US-CA-807
817,2020-09-06,48,US-CA-807
818,2020-09-13,36,US-CA-807
819,2020-09-20,42,US-CA-807
820,2020-09-27,38,US-CA-807
821,2020-10-04,44,US-CA-807
822,2020-10-11,37,US-CA-807
823,2020-10-18,46,US-CA-807
824,2020-10-25,49,US-CA-807
825,2020-11-01,47,US-CA-807
826,2020-11-08,51,US-CA-807
827,2020-11-15,47,US-CA-807
828,2020-11-22,40,US-CA-807
829,2020-11-29,42,US-CA-807
830,2020-12-06,46,US-CA-807
831,2020-12-13,49,US-CA-807
832,2020-12-20,41,US-CA-807
833,2020-12-27,40,US-CA-807
834,2021-01-03,33,US-CA-807
835,2021-01-10,45,US-CA-807
836,2021-01-17,25,US-CA-807
837,2021-01-24,40,US-CA-807
838,2021-01-31,35,US-CA-807
839,2021-02-07,54,US-CA-807
840,2021-02-14,30,US-CA-807
841,2021-02-21,33,US-CA-807
842,2021-02-28,41,US-CA-807
843,2021-03-07,68,US-CA-807
844,2021-03-14,46,US-CA-807
845,2021-03-21,40,US-CA-807
846,2021-03-28,48,US-CA-807
847,2021-04-04,49,US-CA-807
848,2021-04-11,45,US-CA-807
849,2021-04-18,43,US-CA-807
850,2021-04-25,51,US-CA-807
851,2021-05-02,55,US-CA-807
852,2021-05-09,49,US-CA-807
853,2021-05-16,42,US-CA-807
854,2021-05-23,45,US-CA-807
855,2021-05-30,44,US-CA-807
856,2021-06-06,43,US-CA-807
857,2021-06-13,52,US-CA-807
858,2021-06-20,47,US-CA-807
859,2021-06-27,51,US-CA-807
860,2021-07-04,48,US-CA-807
861,2021-07-11,41,US-CA-807
862,2021-07-18,53,US-CA-807
863,2021-07-25,43,US-CA-807
864,2021-08-01,55,US-CA-807
865,2021-08-08,46,US-CA-807
866,2021-08-15,42,US-CA-807
867,2021-08-22,45,US-CA-807
868,2021-08-29,35,US-CA-807
869,2020-03-01,80,US-TX-618
870,2020-03-08,77,US-TX-618
871,2020-03-15,75,US-TX-618
872,2020-03-22,75,US-TX-618
873,2020-03-29,60,US-TX-618
874,2020-04-05,52,US-TX-618
875,2020-04-12,63,US-TX-618
876,2020-04-19,57,US-TX-618
877,2020-04-26,59,US-TX-618
878,2020-05-03,78,US-TX-618
879,2020-05-10,68,US-TX-618
880,2020-05-17,59,US-TX-618
881,2020-05-24,61,US-TX-618
882,2020-05-31,73,US-TX-618
883,2020-06-07,73,US-TX-618
884,2020-06-14,52,US-TX-618
885,2020-06-21,65,US-TX-618
886,2020-06-28,64,US-TX-618
887,2020-07-05,52,US-TX-618
888,2020-07-12,54,US-TX-618
889,2020-07-19,49,US-TX-618
890,2020-07-26,62,US-TX-618
891,2020-08-02,69,US-TX-618
892,2020-08-09,58,US-TX-618
893,2020-08-16,41,US-TX-618
894,2020-08-23,63,US-TX-618
895,2020-08-30,51,US-TX-618
896,2020-09-06,62,US-TX-618
897,2020-09-13,67,US-TX-618
898,2020-09-20,58,US-TX-618
899,2020-09-27,60,US-TX-618
900,2020-10-04,54,US-TX-618
901,2020-10-11,65,US-TX-618
902,2020-10-18,57,US-TX-618
903,2020-10-25,60,US-TX-618
904,2020-11-01,59,US-TX-618
905,2020-11-08,59,US-TX-618
906,2020-11-15,79,US-TX-618
907,2020-11-22,54,US-TX-618
908,2020-11-29,58,US-TX-618
909,2020-12-06,66,US-TX-618
910,2020-12-13,74,US-TX-618
911,2020-12-20,66,US-TX-618
912,2020-12-27,49,US-TX-618
913,2021-01-03,53,US-TX-618
914,2021-01-10,66,US-TX-618
915,2021-01-17,75,US-TX-618
916,2021-01-24,69,US-TX-618
917,2021-01-31,64,US-TX-618
918,2021-02-07,41,US-TX-618
919,2021-02-14,63,US-TX-618
920,2021-02-21,59,US-TX-618
921,2021-02-28,73,US-TX-618
922,2021-03-07,65,US-TX-618
923,2021-03-14,70,US-TX-618
924,2021-03-21,76,US-TX-618
925,2021-03-28,100,US-TX-618
926,2021-04-04,59,US-TX-618
927,2021-04-11,84,US-TX-618
928,2021-04-18,72,US-TX-618
929,2021-04-25,79,US-TX-618
930,2021-05-02,85,US-TX-618
931,2021-05-09,58,US-TX-618
932,2021-05-16,65,US-TX-618
933,2021-05-23,68,US-TX-618
934,2021-05-30,70,US-TX-618
935,2021-06-06,84,US-TX-618
936,2021-06-13,71,US-TX-618
937,2021-06-20,92,US-TX-618
938,2021-06-27,84,US-TX-618
939,2021-07-04,59,US-TX-618
940,2021-07-11,71,US-TX-618
941,2021-07-18,60,US-TX-618
942,2021-07-25,76,US-TX-618
943,2021-08-01,69,US-TX-618
944,2021-08-08,58,US-TX-618
945,2021-08-15,85,US-TX-618
946,2021-08-22,70,US-TX-618
947,2021-08-29,71,US-TX-618
948,2020-03-01,52,US-OH-515
949,2020-03-08,67,US-OH-515
950,2020-03-15,79,US-OH-515
951,2020-03-22,58,US-OH-515
952,2020-03-29,78,US-OH-515
953,2020-04-05,78,US-OH-515
954,2020-04-12,39,US-OH-515
955,2020-04-19,74,US-OH-515
956,2020-04-26,24,US-OH-515
957,2020-05-03,75,US-OH-515
958,2020-05-10,29,US-OH-515
959,2020-05-17,54,US-OH-515
960,2020-05-24,40,US-OH-515
961,2020-05-31,57,US-OH-515
962,2020-06-07,31,US-OH-515
963,2020-06-14,41,US-OH-515
964,2020-06-21,64,US-OH-515
965,2020-06-28,47,US-OH-515
966,2020-07-05,42,US-OH-515
967,2020-07-12,47,US-OH-515
968,2020-07-19,61,US-OH-515
969,2020-07-26,52,US-OH-515
970,2020-08-02,61,US-OH-515
971,2020-08-09,47,US-OH-515
972,2020-08-16,51,US-OH-515
973,2020-08-23,66,US-OH-515
974,2020-08-30,43,US-OH-515
975,2020-09-06,49,US-OH-515
976,2020-09-13,34,US-OH-515
977,2020-09-20,56,US-OH-515
978,2020-09-27,59,US-OH-515
979,2020-10-04,56,US-OH-515
980,2020-10-11,68,US-OH-515
981,2020-10-18,41,US-OH-515
982,2020-10-25,52,US-OH-515
983,2020-11-01,81,US-OH-515
984,2020-11-08,44,US-OH-515
985,2020-11-15,51,US-OH-515
986,2020-11-22,88,US-OH-515
987,2020-11-29,78,US-OH-515
988,2020-12-06,44,US-OH-515
989,2020-12-13,69,US-OH-515
990,2020-12-20,32,US-OH-515
991,2020-12-27,56,US-OH-515
992,2021-01-03,29,US-OH-515
993,2021-01-10,62,US-OH-515
994,2021-01-17,44,US-OH-515
995,2021-01-24,78,US-OH-515
996,2021-01-31,49,US-OH-515
997,2021-02-07,50,US-OH-515
998,2021-02-14,70,US-OH-515
999,2021-02-21,61,US-OH-515
1000,2021-02-28,70,US-OH-515
1001,2021-03-07,46,US-OH-515
1002,2021-03-14,51,US-OH-515
1003,2021-03-21,80,US-OH-515
1004,2021-03-28,92,US-OH-515
1005,2021-04-04,47,US-OH-515
1006,2021-04-11,46,US-OH-515
1007,2021-04-18,77,US-OH-515
1008,2021-04-25,56,US-OH-515
1009,2021-05-02,62,US-OH-515
1010,2021-05-09,100,US-OH-515
1011,2021-05-16,47,US-OH-515
1012,2021-05-23,37,US-OH-515
1013,2021-05-30,65,US-OH-515
1014,2021-06-06,32,US-OH-515
1015,2021-06-13,63,US-OH-515
1016,2021-06-20,70,US-OH-515
1017,2021-06-27,79,US-OH-515
1018,2021-07-04,43,US-OH-515
1019,2021-07-11,46,US-OH-515
1020,2021-07-18,69,US-OH-515
1021,2021-07-25,88,US-OH-515
1022,2021-08-01,53,US-OH-515
1023,2021-08-08,48,US-OH-515
1024,2021-08-15,42,US-OH-515
1025,2021-08-22,26,US-OH-515
1026,2021-08-29,53,US-OH-515
1027,2020-03-01,75,US-VA-511
1028,2020-03-08,74,US-VA-511
1029,2020-03-15,100,US-VA-511
1030,2020-03-22,72,US-VA-511
1031,2020-03-29,93,US-VA-511
1032,2020-04-05,90,US-VA-511
1033,2020-04-12,71,US-VA-511
1034,2020-04-19,68,US-VA-511
1035,2020-04-26,73,US-VA-511
1036,2020-05-03,83,US-VA-511
1037,2020-05-10,73,US-VA-511
1038,2020-05-17,61,US-VA-511
1039,2020-05-24,76,US-VA-511
1040,2020-05-31,73,US-VA-511
1041,2020-06-07,53,US-VA-511
1042,2020-06-14,70,US-VA-511
1043,2020-06-21,74,US-VA-511
1044,2020-06-28,59,US-VA-511
1045,2020-07-05,61,US-VA-511
1046,2020-07-12,68,US-VA-511
1047,2020-07-19,72,US-VA-511
1048,2020-07-26,71,US-VA-511
1049,2020-08-02,65,US-VA-511
1050,2020-08-09,64,US-VA-511
1051,2020-08-16,67,US-VA-511
1052,2020-08-23,69,US-VA-511
1053,2020-08-30,56,US-VA-511
1054,2020-09-06,55,US-VA-511
1055,2020-09-13,58,US-VA-511
1056,2020-09-20,60,US-VA-511
1057,2020-09-27,63,US-VA-511
1058,2020-10-04,60,US-VA-511
1059,2020-10-11,66,US-VA-511
1060,2020-10-18,52,US-VA-511
1061,2020-10-25,51,US-VA-511
1062,2020-11-01,43,US-VA-511
1063,2020-11-08,54,US-VA-511
1064,2020-11-15,44,US-VA-511
1065,2020-11-22,47,US-VA-511
1066,2020-11-29,61,US-VA-511
1067,2020-12-06,59,US-VA-511
1068,2020-12-13,59,US-VA-511
1069,2020-12-20,50,US-VA-511
1070,2020-12-27,73,US-VA-511
1071,2021-01-03,51,US-VA-511
1072,2021-01-10,41,US-VA-511
1073,2021-01-17,47,US-VA-511
1074,2021-01-24,63,US-VA-511
1075,2021-01-31,67,US-VA-511
1076,2021-02-07,75,US-VA-511
1077,2021-02-14,63,US-VA-511
1078,2021-02-21,62,US-VA-511
1079,2021-02-28,62,US-VA-511
1080,2021-03-07,59,US-VA-511
1081,2021-03-14,55,US-VA-511
1082,2021-03-21,60,US-VA-511
1083,2021-03-28,85,US-VA-511
1084,2021-04-04,72,US-VA-511
1085,2021-04-11,65,US-VA-511
1086,2021-04-18,71,US-VA-511
1087,2021-04-25,64,US-VA-511
1088,2021-05-02,88,US-VA-511
1089,2021-05-09,65,US-VA-511
1090,2021-05-16,68,US-VA-511
1091,2021-05-23,92,US-VA-511
1092,2021-05-30,75,US-VA-511
1093,2021-06-06,67,US-VA-511
1094,2021-06-13,67,US-VA-511
1095,2021-06-20,62,US-VA-511
1096,2021-06-27,81,US-VA-511
1097,2021-07-04,74,US-VA-511
1098,2021-07-11,63,US-VA-511
1099,2021-07-18,79,US-VA-511
1100,2021-07-25,69,US-VA-511
1101,2021-08-01,70,US-VA-511
1102,2021-08-08,55,US-VA-511
1103,2021-08-15,72,US-VA-511
1104,2021-08-22,61,US-VA-511
1105,2021-08-29,74,US-VA-511
1106,2020-03-01,100,US-MO-609
1107,2020-03-08,60,US-MO-609
1108,2020-03-15,76,US-MO-609
1109,2020-03-22,70,US-MO-609
1110,2020-03-29,46,US-MO-609
1111,2020-04-05,38,US-MO-609
1112,2020-04-12,48,US-MO-609
1113,2020-04-19,47,US-MO-609
1114,2020-04-26,39,US-MO-609
1115,2020-05-03,73,US-MO-609
1116,2020-05-10,61,US-MO-609
1117,2020-05-17,52,US-MO-609
1118,2020-05-24,56,US-MO-609
1119,2020-05-31,46,US-MO-609
1120,2020-06-07,26,US-MO-609
1121,2020-06-14,41,US-MO-609
1122,2020-06-21,38,US-MO-609
1123,2020-06-28,62,US-MO-609
1124,2020-07-05,75,US-MO-609
1125,2020-07-12,46,US-MO-609
1126,2020-07-19,56,US-MO-609
1127,2020-07-26,39,US-MO-609
1128,2020-08-02,61,US-MO-609
1129,2020-08-09,32,US-MO-609
1130,2020-08-16,58,US-MO-609
1131,2020-08-23,38,US-MO-609
1132,2020-08-30,51,US-MO-609
1133,2020-09-06,35,US-MO-609
1134,2020-09-13,51,US-MO-609
1135,2020-09-20,46,US-MO-609
1136,2020-09-27,74,US-MO-609
1137,2020-10-04,39,US-MO-609
1138,2020-10-11,71,US-MO-609
1139,2020-10-18,41,US-MO-609
1140,2020-10-25,67,US-MO-609
1141,2020-11-01,34,US-MO-609
1142,2020-11-08,52,US-MO-609
1143,2020-11-15,53,US-MO-609
1144,2020-11-22,66,US-MO-609
1145,2020-11-29,35,US-MO-609
1146,2020-12-06,51,US-MO-609
1147,2020-12-13,44,US-MO-609
1148,2020-12-20,47,US-MO-609
1149,2020-12-27,44,US-MO-609
1150,2021-01-03,34,US-MO-609
1151,2021-01-10,39,US-MO-609
1152,2021-01-17,36,US-MO-609
1153,2021-01-24,39,US-MO-609
1154,2021-01-31,24,US-MO-609
1155,2021-02-07,51,US-MO-609
1156,2021-02-14,73,US-MO-609
1157,2021-02-21,44,US-MO-609
1158,2021-02-28,49,US-MO-609
1159,2021-03-07,53,US-MO-609
1160,2021-03-14,52,US-MO-609
1161,2021-03-21,57,US-MO-609
1162,2021-03-28,66,US-MO-609
1163,2021-04-04,40,US-MO-609
1164,2021-04-11,33,US-MO-609
1165,2021-04-18,57,US-MO-609
1166,2021-04-25,53,US-MO-609
1167,2021-05-02,85,US-MO-609
1168,2021-05-09,86,US-MO-609
1169,2021-05-16,37,US-MO-609
1170,2021-05-23,55,US-MO-609
1171,2021-05-30,39,US-MO-609
1172,2021-06-06,79,US-MO-609
1173,2021-06-13,70,US-MO-609
1174,2021-06-20,92,US-MO-609
1175,2021-06-27,80,US-MO-609
1176,2021-07-04,39,US-MO-609
1177,2021-07-11,54,US-MO-609
1178,2021-07-18,75,US-MO-609
1179,2021-07-25,62,US-MO-609
1180,2021-08-01,84,US-MO-609
1181,2021-08-08,46,US-MO-609
1182,2021-08-15,72,US-MO-609
1183,2021-08-22,59,US-MO-609
1184,2021-08-29,63,US-MO-609
1185,2020-03-01,76,US-MD-512
1186,2020-03-08,85,US-MD-512
1187,2020-03-15,94,US-MD-512
1188,2020-03-22,100,US-MD-512
1189,2020-03-29,96,US-MD-512
1190,2020-04-05,65,US-MD-512
1191,2020-04-12,76,US-MD-512
1192,2020-04-19,67,US-MD-512
1193,2020-04-26,52,US-MD-512
1194,2020-05-03,46,US-MD-512
1195,2020-05-10,49,US-MD-512
1196,2020-05-17,54,US-MD-512
1197,2020-05-24,42,US-MD-512
1198,2020-05-31,54,US-MD-512
1199,2020-06-07,66,US-MD-512
1200,2020-06-14,51,US-MD-512
1201,2020-06-21,77,US-MD-512
1202,2020-06-28,48,US-MD-512
1203,2020-07-05,75,US-MD-512
1204,2020-07-12,70,US-MD-512
1205,2020-07-19,73,US-MD-512
1206,2020-07-26,68,US-MD-512
1207,2020-08-02,58,US-MD-512
1208,2020-08-09,71,US-MD-512
1209,2020-08-16,41,US-MD-512
1210,2020-08-23,62,US-MD-512
1211,2020-08-30,60,US-MD-512
1212,2020-09-06,56,US-MD-512
1213,2020-09-13,63,US-MD-512
1214,2020-09-20,67,US-MD-512
1215,2020-09-27,46,US-MD-512
1216,2020-10-04,59,US-MD-512
1217,2020-10-11,68,US-MD-512
1218,2020-10-18,68,US-MD-512
1219,2020-10-25,86,US-MD-512
1220,2020-11-01,70,US-MD-512
1221,2020-11-08,60,US-MD-512
1222,2020-11-15,48,US-MD-512
1223,2020-11-22,54,US-MD-512
1224,2020-11-29,88,US-MD-512
1225,2020-12-06,65,US-MD-512
1226,2020-12-13,72,US-MD-512
1227,2020-12-20,85,US-MD-512
1228,2020-12-27,45,US-MD-512
1229,2021-01-03,70,US-MD-512
1230,2021-01-10,59,US-MD-512
1231,2021-01-17,85,US-MD-512
1232,2021-01-24,90,US-MD-512
1233,2021-01-31,43,US-MD-512
1234,2021-02-07,51,US-MD-512
1235,2021-02-14,62,US-MD-512
1236,2021-02-21,56,US-MD-512
1237,2021-02-28,90,US-MD-512
1238,2021-03-07,36,US-MD-512
1239,2021-03-14,81,US-MD-512
1240,2021-03-21,48,US-MD-512
1241,2021-03-28,75,US-MD-512
1242,2021-04-04,92,US-MD-512
1243,2021-04-11,63,US-MD-512
1244,2021-04-18,40,US-MD-512
1245,2021-04-25,72,US-MD-512
1246,2021-05-02,42,US-MD-512
1247,2021-05-09,55,US-MD-512
1248,2021-05-16,49,US-MD-512
1249,2021-05-23,76,US-MD-512
1250,2021-05-30,65,US-MD-512
1251,2021-06-06,52,US-MD-512
1252,2021-06-13,63,US-MD-512
1253,2021-06-20,68,US-MD-512
1254,2021-06-27,70,US-MD-512
1255,2021-07-04,46,US-MD-512
1256,2021-07-11,73,US-MD-512
1257,2021-07-18,81,US-MD-512
1258,2021-07-25,77,US-MD-512
1259,2021-08-01,59,US-MD-512
1260,2021-08-08,65,US-MD-512
1261,2021-08-15,74,US-MD-512
1262,2021-08-22,64,US-MD-512
1263,2021-08-29,73,US-MD-512
1264,2020-03-01,63,US-OR-820
1265,2020-03-08,64,US-OR-820
1266,2020-03-15,83,US-OR-820
1267,2020-03-22,67,US-OR-820
1268,2020-03-29,78,US-OR-820
1269,2020-04-05,58,US-OR-820
1270,2020-04-12,46,US-OR-820
1271,2020-04-19,45,US-OR-820
1272,2020-04-26,55,US-OR-820
1273,2020-05-03,80,US-OR-820
1274,2020-05-10,75,US-OR-820
1275,2020-05-17,69,US-OR-820
1276,2020-05-24,45,US-OR-820
1277,2020-05-31,53,US-OR-820
1278,2020-06-07,41,US-OR-820
1279,2020-06-14,62,US-OR-820
1280,2020-06-21,44,US-OR-820
1281,2020-06-28,60,US-OR-820
1282,2020-07-05,72,US-OR-820
1283,2020-07-12,81,US-OR-820
1284,2020-07-19,46,US-OR-820
1285,2020-07-26,47,US-OR-820
1286,2020-08-02,49,US-OR-820
1287,2020-08-09,58,US-OR-820
1288,2020-08-16,60,US-OR-820
1289,2020-08-23,61,US-OR-820
1290,2020-08-30,63,US-OR-820
1291,2020-09-06,38,US-OR-820
1292,2020-09-13,45,US-OR-820
1293,2020-09-20,83,US-OR-820
1294,2020-09-27,42,US-OR-820
1295,2020-10-04,55,US-OR-820
1296,2020-10-11,44,US-OR-820
1297,2020-10-18,51,US-OR-820
1298,2020-10-25,79,US-OR-820
1299,2020-11-01,45,US-OR-820
1300,2020-11-08,58,US-OR-820
1301,2020-11-15,82,US-OR-820
1302,2020-11-22,50,US-OR-820
1303,2020-11-29,51,US-OR-820
1304,2020-12-06,62,US-OR-820
1305,2020-12-13,50,US-OR-820
1306,2020-12-20,59,US-OR-820
1307,2020-12-27,56,US-OR-820
1308,2021-01-03,45,US-OR-820
1309,2021-01-10,55,US-OR-820
1310,2021-01-17,55,US-OR-820
1311,2021-01-24,61,US-OR-820
1312,2021-01-31,76,US-OR-820
1313,2021-02-07,63,US-OR-820
1314,2021-02-14,55,US-OR-820
1315,2021-02-21,86,US-OR-820
1316,2021-02-28,74,US-OR-820
1317,2021-03-07,57,US-OR-820
1318,2021-03-14,45,US-OR-820
1319,2021-03-21,52,US-OR-820
1320,2021-03-28,96,US-OR-820
1321,2021-04-04,49,US-OR-820
1322,2021-04-11,82,US-OR-820
1323,2021-04-18,27,US-OR-820
1324,2021-04-25,91,US-OR-820
1325,2021-05-02,54,US-OR-820
1326,2021-05-09,54,US-OR-820
1327,2021-05-16,61,US-OR-820
1328,2021-05-23,68,US-OR-820
1329,2021-05-30,72,US-OR-820
1330,2021-06-06,50,US-OR-820
1331,2021-06-13,100,US-OR-820
1332,2021-06-20,58,US-OR-820
1333,2021-06-27,47,US-OR-820
1334,2021-07-04,49,US-OR-820
1335,2021-07-11,68,US-OR-820
1336,2021-07-18,65,US-OR-820
1337,2021-07-25,84,US-OR-820
1338,2021-08-01,44,US-OR-820
1339,2021-08-08,43,US-OR-820
1340,2021-08-15,58,US-OR-820
1341,2021-08-22,57,US-OR-820
1342,2021-08-29,79,US-OR-820
1343,2020-03-01,100,US-NV-839
1344,2020-03-08,80,US-NV-839
1345,2020-03-15,92,US-NV-839
1346,2020-03-22,84,US-NV-839
1347,2020-03-29,57,US-NV-839
1348,2020-04-05,56,US-NV-839
1349,2020-04-12,50,US-NV-839
1350,2020-04-19,53,US-NV-839
1351,2020-04-26,41,US-NV-839
1352,2020-05-03,63,US-NV-839
1353,2020-05-10,48,US-NV-839
1354,2020-05-17,40,US-NV-839
1355,2020-05-24,45,US-NV-839
1356,2020-05-31,39,US-NV-839
1357,2020-06-07,52,US-NV-839
1358,2020-06-14,43,US-NV-839
1359,2020-06-21,52,US-NV-839
1360,2020-06-28,52,US-NV-839
1361,2020-07-05,49,US-NV-839
1362,2020-07-12,65,US-NV-839
1363,2020-07-19,68,US-NV-839
1364,2020-07-26,61,US-NV-839
1365,2020-08-02,76,US-NV-839
1366,2020-08-09,53,US-NV-839
1367,2020-08-16,65,US-NV-839
1368,2020-08-23,38,US-NV-839
1369,2020-08-30,49,US-NV-839
1370,2020-09-06,45,US-NV-839
1371,2020-09-13,55,US-NV-839
1372,2020-09-20,46,US-NV-839
1373,2020-09-27,64,US-NV-839
1374,2020-10-04,60,US-NV-839
1375,2020-10-11,59,US-NV-839
1376,2020-10-18,57,US-NV-839
1377,2020-10-25,55,US-NV-839
1378,2020-11-01,44,US-NV-839
1379,2020-11-08,35,US-NV-839
1380,2020-11-15,57,US-NV-839
1381,2020-11-22,36,US-NV-839
1382,2020-11-29,60,US-NV-839
1383,2020-12-06,38,US-NV-839
1384,2020-12-13,53,US-NV-839
1385,2020-12-20,67,US-NV-839
1386,2020-12-27,49,US-NV-839
1387,2021-01-03,72,US-NV-839
1388,2021-01-10,59,US-NV-839
1389,2021-01-17,42,US-NV-839
1390,2021-01-24,33,US-NV-839
1391,2021-01-31,54,US-NV-839
1392,2021-02-07,51,US-NV-839
1393,2021-02-14,37,US-NV-839
1394,2021-02-21,55,US-NV-839
1395,2021-02-28,60,US-NV-839
1396,2021-03-07,79,US-NV-839
1397,2021-03-14,89,US-NV-839
1398,2021-03-21,36,US-NV-839
1399,2021-03-28,73,US-NV-839
1400,2021-04-04,72,US-NV-839
1401,2021-04-11,63,US-NV-839
1402,2021-04-18,64,US-NV-839
1403,2021-04-25,67,US-NV-839
1404,2021-05-02,56,US-NV-839
1405,2021-05-09,80,US-NV-839
1406,2021-05-16,69,US-NV-839
1407,2021-05-23,96,US-NV-839
1408,2021-05-30,95,US-NV-839
1409,2021-06-06,94,US-NV-839
1410,2021-06-13,89,US-NV-839
1411,2021-06-20,95,US-NV-839
1412,2021-06-27,66,US-NV-839
1413,2021-07-04,79,US-NV-839
1414,2021-07-11,82,US-NV-839
1415,2021-07-18,80,US-NV-839
1416,2021-07-25,98,US-NV-839
1417,2021-08-01,98,US-NV-839
1418,2021-08-08,65,US-NV-839
1419,2021-08-15,67,US-NV-839
1420,2021-08-22,95,US-NV-839
1421,2021-08-29,65,US-NV-839
1422,2020-03-01,94,US-MO-616
1423,2020-03-08,54,US-MO-616
1424,2020-03-15,90,US-MO-616
1425,2020-03-22,61,US-MO-616
1426,2020-03-29,51,US-MO-616
1427,2020-04-05,69,US-MO-616
1428,2020-04-12,87,US-MO-616
1429,2020-04-19,59,US-MO-616
1430,2020-04-26,40,US-MO-616
1431,2020-05-03,77,US-MO-616
1432,2020-05-10,46,US-MO-616
1433,2020-05-17,67,US-MO-616
1434,2020-05-24,54,US-MO-616
1435,2020-05-31,58,US-MO-616
1436,2020-06-07,78,US-MO-616
1437,2020-06-14,61,US-MO-616
1438,2020-06-21,93,US-MO-616
1439,2020-06-28,69,US-MO-616
1440,2020-07-05,97,US-MO-616
1441,2020-07-12,47,US-MO-616
1442,2020-07-19,47,US-MO-616
1443,2020-07-26,21,US-MO-616
1444,2020-08-02,53,US-MO-616
1445,2020-08-09,77,US-MO-616
1446,2020-08-16,70,US-MO-616
1447,2020-08-23,62,US-MO-616
1448,2020-08-30,56,US-MO-616
1449,2020-09-06,41,US-MO-616
1450,2020-09-13,40,US-MO-616
1451,2020-09-20,56,US-MO-616
1452,2020-09-27,53,US-MO-616
1453,2020-10-04,81,US-MO-616
1454,2020-10-11,65,US-MO-616
1455,2020-10-18,69,US-MO-616
1456,2020-10-25,59,US-MO-616
1457,2020-11-01,37,US-MO-616
1458,2020-11-08,71,US-MO-616
1459,2020-11-15,29,US-MO-616
1460,2020-11-22,86,US-MO-616
1461,2020-11-29,72,US-MO-616
1462,2020-12-06,89,US-MO-616
1463,2020-12-13,63,US-MO-616
1464,2020-12-20,55,US-MO-616
1465,2020-12-27,29,US-MO-616
1466,2021-01-03,44,US-MO-616
1467,2021-01-10,72,US-MO-616
1468,2021-01-17,45,US-MO-616
1469,2021-01-24,72,US-MO-616
1470,2021-01-31,51,US-MO-616
1471,2021-02-07,73,US-MO-616
1472,2021-02-14,80,US-MO-616
1473,2021-02-21,81,US-MO-616
1474,2021-02-28,58,US-MO-616
1475,2021-03-07,57,US-MO-616
1476,2021-03-14,63,US-MO-616
1477,2021-03-21,55,US-MO-616
1478,2021-03-28,100,US-MO-616
1479,2021-04-04,59,US-MO-616
1480,2021-04-11,94,US-MO-616
1481,2021-04-18,86,US-MO-616
1482,2021-04-25,64,US-MO-616
1483,2021-05-02,65,US-MO-616
1484,2021-05-09,82,US-MO-616
1485,2021-05-16,52,US-MO-616
1486,2021-05-23,48,US-MO-616
1487,2021-05-30,86,US-MO-616
1488,2021-06-06,65,US-MO-616
1489,2021-06-13,77,US-MO-616
1490,2021-06-20,65,US-MO-616
1491,2021-06-27,54,US-MO-616
1492,2021-07-04,57,US-MO-616
1493,2021-07-11,78,US-MO-616
1494,2021-07-18,55,US-MO-616
1495,2021-07-25,76,US-MO-616
1496,2021-08-01,67,US-MO-616
1497,2021-08-08,59,US-MO-616
1498,2021-08-15,66,US-MO-616
1499,2021-08-22,71,US-MO-616
1500,2021-08-29,66,US-MO-616
1501,2020-03-01,88,US-MN-613
1502,2020-03-08,80,US-MN-613
1503,2020-03-15,94,US-MN-613
1504,2020-03-22,98,US-MN-613
1505,2020-03-29,79,US-MN-613
1506,2020-04-05,67,US-MN-613
1507,2020-04-12,76,US-MN-613
1508,2020-04-19,69,US-MN-613
1509,2020-04-26,40,US-MN-613
1510,2020-05-03,89,US-MN-613
1511,2020-05-10,43,US-MN-613
1512,2020-05-17,43,US-MN-613
1513,2020-05-24,62,US-MN-613
1514,2020-05-31,61,US-MN-613
1515,2020-06-07,72,US-MN-613
1516,2020-06-14,90,US-MN-613
1517,2020-06-21,61,US-MN-613
1518,2020-06-28,81,US-MN-613
1519,2020-07-05,90,US-MN-613
1520,2020-07-12,70,US-MN-613
1521,2020-07-19,81,US-MN-613
1522,2020-07-26,39,US-MN-613
1523,2020-08-02,57,US-MN-613
1524,2020-08-09,49,US-MN-613
1525,2020-08-16,54,US-MN-613
1526,2020-08-23,57,US-MN-613
1527,2020-08-30,46,US-MN-613
1528,2020-09-06,48,US-MN-613
1529,2020-09-13,51,US-MN-613
1530,2020-09-20,77,US-MN-613
1531,2020-09-27,85,US-MN-613
1532,2020-10-04,72,US-MN-613
1533,2020-10-11,90,US-MN-613
1534,2020-10-18,98,US-MN-613
1535,2020-10-25,82,US-MN-613
1536,2020-11-01,54,US-MN-613
1537,2020-11-08,99,US-MN-613
1538,2020-11-15,81,US-MN-613
1539,2020-11-22,62,US-MN-613
1540,2020-11-29,89,US-MN-613
1541,2020-12-06,86,US-MN-613
1542,2020-12-13,80,US-MN-613
1543,2020-12-20,65,US-MN-613
1544,2020-12-27,81,US-MN-613
1545,2021-01-03,82,US-MN-613
1546,2021-01-10,57,US-MN-613
1547,2021-01-17,77,US-MN-613
1548,2021-01-24,43,US-MN-613
1549,2021-01-31,78,US-MN-613
1550,2021-02-07,100,US-MN-613
1551,2021-02-14,92,US-MN-613
1552,2021-02-21,62,US-MN-613
1553,2021-02-28,100,US-MN-613
1554,2021-03-07,99,US-MN-613
1555,2021-03-14,71,US-MN-613
1556,2021-03-21,43,US-MN-613
1557,2021-03-28,89,US-MN-613
1558,2021-04-04,51,US-MN-613
1559,2021-04-11,86,US-MN-613
1560,2021-04-18,24,US-MN-613
1561,2021-04-25,52,US-MN-613
1562,2021-05-02,68,US-MN-613
1563,2021-05-09,70,US-MN-613
1564,2021-05-16,69,US-MN-613
1565,2021-05-23,92,US-MN-613
1566,2021-05-30,51,US-MN-613
1567,2021-06-06,90,US-MN-613
1568,2021-06-13,100,US-MN-613
1569,2021-06-20,91,US-MN-613
1570,2021-06-27,80,US-MN-613
1571,2021-07-04,81,US-MN-613
1572,2021-07-11,69,US-MN-613
1573,2021-07-18,66,US-MN-613
1574,2021-07-25,76,US-MN-613
1575,2021-08-01,66,US-MN-613
1576,2021-08-08,54,US-MN-613
1577,2021-08-15,92,US-MN-613
1578,2021-08-22,74,US-MN-613
1579,2021-08-29,65,US-MN-613
1580,2020-03-01,80,US-PA-504
1581,2020-03-08,78,US-PA-504
1582,2020-03-15,100,US-PA-504
1583,2020-03-22,75,US-PA-504
1584,2020-03-29,64,US-PA-504
1585,2020-04-05,59,US-PA-504
1586,2020-04-12,49,US-PA-504
1587,2020-04-19,72,US-PA-504
1588,2020-04-26,66,US-PA-504
1589,2020-05-03,69,US-PA-504
1590,2020-05-10,57,US-PA-504
1591,2020-05-17,60,US-PA-504
1592,2020-05-24,58,US-PA-504
1593,2020-05-31,53,US-PA-504
1594,2020-06-07,58,US-PA-504
1595,2020-06-14,53,US-PA-504
1596,2020-06-21,68,US-PA-504
1597,2020-06-28,76,US-PA-504
1598,2020-07-05,73,US-PA-504
1599,2020-07-12,53,US-PA-504
1600,2020-07-19,56,US-PA-504
1601,2020-07-26,56,US-PA-504
1602,2020-08-02,78,US-PA-504
1603,2020-08-09,68,US-PA-504
1604,2020-08-16,64,US-PA-504
1605,2020-08-23,50,US-PA-504
1606,2020-08-30,52,US-PA-504
1607,2020-09-06,44,US-PA-504
1608,2020-09-13,57,US-PA-504
1609,2020-09-20,56,US-PA-504
1610,2020-09-27,57,US-PA-504
1611,2020-10-04,54,US-PA-504
1612,2020-10-11,51,US-PA-504
1613,2020-10-18,70,US-PA-504
1614,2020-10-25,58,US-PA-504
1615,2020-11-01,41,US-PA-504
1616,2020-11-08,65,US-PA-504
1617,2020-11-15,53,US-PA-504
1618,2020-11-22,51,US-PA-504
1619,2020-11-29,77,US-PA-504
1620,2020-12-06,53,US-PA-504
1621,2020-12-13,57,US-PA-504
1622,2020-12-20,47,US-PA-504
1623,2020-12-27,53,US-PA-504
1624,2021-01-03,55,US-PA-504
1625,2021-01-10,57,US-PA-504
1626,2021-01-17,43,US-PA-504
1627,2021-01-24,62,US-PA-504
1628,2021-01-31,79,US-PA-504
1629,2021-02-07,74,US-PA-504
1630,2021-02-14,63,US-PA-504
1631,2021-02-21,73,US-PA-504
1632,2021-02-28,67,US-PA-504
1633,2021-03-07,63,US-PA-504
1634,2021-03-14,63,US-PA-504
1635,2021-03-21,73,US-PA-504
1636,2021-03-28,89,US-PA-504
1637,2021-04-04,80,US-PA-504
1638,2021-04-11,56,US-PA-504
1639,2021-04-18,66,US-PA-504
1640,2021-04-25,79,US-PA-504
1641,2021-05-02,70,US-PA-504
1642,2021-05-09,69,US-PA-504
1643,2021-05-16,69,US-PA-504
1644,2021-05-23,71,US-PA-504
1645,2021-05-30,68,US-PA-504
1646,2021-06-06,80,US-PA-504
1647,2021-06-13,74,US-PA-504
1648,2021-06-20,91,US-PA-504
1649,2021-06-27,75,US-PA-504
1650,2021-07-04,70,US-PA-504
1651,2021-07-11,63,US-PA-504
1652,2021-07-18,63,US-PA-504
1653,2021-07-25,65,US-PA-504
1654,2021-08-01,78,US-PA-504
1655,2021-08-08,63,US-PA-504
1656,2021-08-15,71,US-PA-504
1657,2021-08-22,76,US-PA-504
1658,2021-08-29,61,US-PA-504
1659,2020-03-01,98,US-GA-524
1660,2020-03-08,100,US-GA-524
1661,2020-03-15,94,US-GA-524
1662,2020-03-22,92,US-GA-524
1663,2020-03-29,86,US-GA-524
1664,2020-04-05,79,US-GA-524
1665,2020-04-12,71,US-GA-524
1666,2020-04-19,72,US-GA-524
1667,2020-04-26,62,US-GA-524
1668,2020-05-03,81,US-GA-524
1669,2020-05-10,71,US-GA-524
1670,2020-05-17,78,US-GA-524
1671,2020-05-24,56,US-GA-524
1672,2020-05-31,59,US-GA-524
1673,2020-06-07,83,US-GA-524
1674,2020-06-14,59,US-GA-524
1675,2020-06-21,65,US-GA-524
1676,2020-06-28,83,US-GA-524
1677,2020-07-05,99,US-GA-524
1678,2020-07-12,86,US-GA-524
1679,2020-07-19,72,US-GA-524
1680,2020-07-26,90,US-GA-524
1681,2020-08-02,83,US-GA-524
1682,2020-08-09,57,US-GA-524
1683,2020-08-16,67,US-GA-524
1684,2020-08-23,53,US-GA-524
1685,2020-08-30,60,US-GA-524
1686,2020-09-06,75,US-GA-524
1687,2020-09-13,70,US-GA-524
1688,2020-09-20,75,US-GA-524
1689,2020-09-27,80,US-GA-524
1690,2020-10-04,57,US-GA-524
1691,2020-10-11,89,US-GA-524
1692,2020-10-18,71,US-GA-524
1693,2020-10-25,81,US-GA-524
1694,2020-11-01,64,US-GA-524
1695,2020-11-08,69,US-GA-524
1696,2020-11-15,86,US-GA-524
1697,2020-11-22,67,US-GA-524
1698,2020-11-29,65,US-GA-524
1699,2020-12-06,63,US-GA-524
1700,2020-12-13,69,US-GA-524
1701,2020-12-20,88,US-GA-524
1702,2020-12-27,64,US-GA-524
1703,2021-01-03,55,US-GA-524
1704,2021-01-10,76,US-GA-524
1705,2021-01-17,57,US-GA-524
1706,2021-01-24,77,US-GA-524
1707,2021-01-31,74,US-GA-524
1708,2021-02-07,89,US-GA-524
1709,2021-02-14,95,US-GA-524
1710,2021-02-21,79,US-GA-524
1711,2021-02-28,71,US-GA-524
1712,2021-03-07,77,US-GA-524
1713,2021-03-14,79,US-GA-524
1714,2021-03-21,79,US-GA-524
1715,2021-03-28,96,US-GA-524
1716,2021-04-04,80,US-GA-524
1717,2021-04-11,84,US-GA-524
1718,2021-04-18,75,US-GA-524
1719,2021-04-25,77,US-GA-524
1720,2021-05-02,85,US-GA-524
1721,2021-05-09,91,US-GA-524
1722,2021-05-16,84,US-GA-524
1723,2021-05-23,94,US-GA-524
1724,2021-05-30,74,US-GA-524
1725,2021-06-06,91,US-GA-524
1726,2021-06-13,75,US-GA-524
1727,2021-06-20,91,US-GA-524
1728,2021-06-27,81,US-GA-524
1729,2021-07-04,95,US-GA-524
1730,2021-07-11,83,US-GA-524
1731,2021-07-18,71,US-GA-524
1732,2021-07-25,99,US-GA-524
1733,2021-08-01,92,US-GA-524
1734,2021-08-08,77,US-GA-524
1735,2021-08-15,81,US-GA-524
1736,2021-08-22,82,US-GA-524
1737,2021-08-29,63,US-GA-524
1738,2020-03-01,77,US-NY-501
1739,2020-03-08,70,US-NY-501
1740,2020-03-15,100,US-NY-501
1741,2020-03-22,87,US-NY-501
1742,2020-03-29,64,US-NY-501
1743,2020-04-05,61,US-NY-501
1744,2020-04-12,68,US-NY-501
1745,2020-04-19,55,US-NY-501
1746,2020-04-26,58,US-NY-501
1747,2020-05-03,68,US-NY-501
1748,2020-05-10,67,US-NY-501
1749,2020-05-17,63,US-NY-501
1750,2020-05-24,60,US-NY-501
1751,2020-05-31,57,US-NY-501
1752,2020-06-07,55,US-NY-501
1753,2020-06-14,61,US-NY-501
1754,2020-06-21,56,US-NY-501
1755,2020-06-28,60,US-NY-501
1756,2020-07-05,69,US-NY-501
1757,2020-07-12,57,US-NY-501
1758,2020-07-19,59,US-NY-501
1759,2020-07-26,64,US-NY-501
1760,2020-08-02,66,US-NY-501
1761,2020-08-09,60,US-NY-501
1762,2020-08-16,60,US-NY-501
1763,2020-08-23,57,US-NY-501
1764,2020-08-30,58,US-NY-501
1765,2020-09-06,52,US-NY-501
1766,2020-09-13,51,US-NY-501
1767,2020-09-20,61,US-NY-501
1768,2020-09-27,60,US-NY-501
1769,2020-10-04,59,US-NY-501
1770,2020-10-11,60,US-NY-501
1771,2020-10-18,54,US-NY-501
1772,2020-10-25,54,US-NY-501
1773,2020-11-01,48,US-NY-501
1774,2020-11-08,61,US-NY-501
1775,2020-11-15,56,US-NY-501
1776,2020-11-22,56,US-NY-501
1777,2020-11-29,56,US-NY-501
1778,2020-12-06,62,US-NY-501
1779,2020-12-13,57,US-NY-501
1780,2020-12-20,51,US-NY-501
1781,2020-12-27,56,US-NY-501
1782,2021-01-03,55,US-NY-501
1783,2021-01-10,57,US-NY-501
1784,2021-01-17,57,US-NY-501
1785,2021-01-24,52,US-NY-501
1786,2021-01-31,64,US-NY-501
1787,2021-02-07,62,US-NY-501
1788,2021-02-14,60,US-NY-501
1789,2021-02-21,62,US-NY-501
1790,2021-02-28,53,US-NY-501
1791,2021-03-07,68,US-NY-501
1792,2021-03-14,63,US-NY-501
1793,2021-03-21,63,US-NY-501
1794,2021-03-28,81,US-NY-501
1795,2021-04-04,67,US-NY-501
1796,2021-04-11,63,US-NY-501
1797,2021-04-18,57,US-NY-501
1798,2021-04-25,51,US-NY-501
1799,2021-05-02,60,US-NY-501
1800,2021-05-09,67,US-NY-501
1801,2021-05-16,65,US-NY-501
1802,2021-05-23,66,US-NY-501
1803,2021-05-30,59,US-NY-501
1804,2021-06-06,65,US-NY-501
1805,2021-06-13,61,US-NY-501
1806,2021-06-20,64,US-NY-501
1807,2021-06-27,57,US-NY-501
1808,2021-07-04,63,US-NY-501
1809,2021-07-11,59,US-NY-501
1810,2021-07-18,55,US-NY-501
1811,2021-07-25,60,US-NY-501
1812,2021-08-01,65,US-NY-501
1813,2021-08-08,71,US-NY-501
1814,2021-08-15,61,US-NY-501
1815,2021-08-22,61,US-NY-501
1816,2021-08-29,54,US-NY-501
1817,2020-03-01,63,US-TX-635
1818,2020-03-08,80,US-TX-635
1819,2020-03-15,96,US-TX-635
1820,2020-03-22,68,US-TX-635
1821,2020-03-29,77,US-TX-635
1822,2020-04-05,57,US-TX-635
1823,2020-04-12,58,US-TX-635
1824,2020-04-19,55,US-TX-635
1825,2020-04-26,58,US-TX-635
1826,2020-05-03,62,US-TX-635
1827,2020-05-10,65,US-TX-635
1828,2020-05-17,57,US-TX-635
1829,2020-05-24,43,US-TX-635
1830,2020-05-31,60,US-TX-635
1831,2020-06-07,63,US-TX-635
1832,2020-06-14,86,US-TX-635
1833,2020-06-21,38,US-TX-635
1834,2020-06-28,38,US-TX-635
1835,2020-07-05,53,US-TX-635
1836,2020-07-12,46,US-TX-635
1837,2020-07-19,50,US-TX-635
1838,2020-07-26,57,US-TX-635
1839,2020-08-02,69,US-TX-635
1840,2020-08-09,40,US-TX-635
1841,2020-08-16,52,US-TX-635
1842,2020-08-23,48,US-TX-635
1843,2020-08-30,61,US-TX-635
1844,2020-09-06,55,US-TX-635
1845,2020-09-13,66,US-TX-635
1846,2020-09-20,57,US-TX-635
1847,2020-09-27,49,US-TX-635
1848,2020-10-04,64,US-TX-635
1849,2020-10-11,53,US-TX-635
1850,2020-10-18,67,US-TX-635
1851,2020-10-25,51,US-TX-635
1852,2020-11-01,37,US-TX-635
1853,2020-11-08,59,US-TX-635
1854,2020-11-15,85,US-TX-635
1855,2020-11-22,75,US-TX-635
1856,2020-11-29,49,US-TX-635
1857,2020-12-06,52,US-TX-635
1858,2020-12-13,59,US-TX-635
1859,2020-12-20,76,US-TX-635
1860,2020-12-27,30,US-TX-635
1861,2021-01-03,49,US-TX-635
1862,2021-01-10,56,US-TX-635
1863,2021-01-17,46,US-TX-635
1864,2021-01-24,63,US-TX-635
1865,2021-01-31,59,US-TX-635
1866,2021-02-07,51,US-TX-635
1867,2021-02-14,81,US-TX-635
1868,2021-02-21,59,US-TX-635
1869,2021-02-28,53,US-TX-635
1870,2021-03-07,78,US-TX-635
1871,2021-03-14,48,US-TX-635
1872,2021-03-21,80,US-TX-635
1873,2021-03-28,67,US-TX-635
1874,2021-04-04,47,US-TX-635
1875,2021-04-11,52,US-TX-635
1876,2021-04-18,52,US-TX-635
1877,2021-04-25,53,US-TX-635
1878,2021-05-02,52,US-TX-635
1879,2021-05-09,67,US-TX-635
1880,2021-05-16,64,US-TX-635
1881,2021-05-23,100,US-TX-635
1882,2021-05-30,57,US-TX-635
1883,2021-06-06,60,US-TX-635
1884,2021-06-13,60,US-TX-635
1885,2021-06-20,37,US-TX-635
1886,2021-06-27,52,US-TX-635
1887,2021-07-04,56,US-TX-635
1888,2021-07-11,57,US-TX-635
1889,2021-07-18,74,US-TX-635
1890,2021-07-25,68,US-TX-635
1891,2021-08-01,52,US-TX-635
1892,2021-08-08,50,US-TX-635
1893,2021-08-15,70,US-TX-635
1894,2021-08-22,65,US-TX-635
1895,2021-08-29,70,US-TX-635
1896,2020-03-01,80,US-MA-506
1897,2020-03-08,86,US-MA-506
1898,2020-03-15,100,US-MA-506
1899,2020-03-22,76,US-MA-506
1900,2020-03-29,98,US-MA-506
1901,2020-04-05,58,US-MA-506
1902,2020-04-12,72,US-MA-506
1903,2020-04-19,62,US-MA-506
1904,2020-04-26,57,US-MA-506
1905,2020-05-03,59,US-MA-506
1906,2020-05-10,72,US-MA-506
1907,2020-05-17,73,US-MA-506
1908,2020-05-24,61,US-MA-506
1909,2020-05-31,55,US-MA-506
1910,2020-06-07,58,US-MA-506
1911,2020-06-14,64,US-MA-506
1912,2020-06-21,46,US-MA-506
1913,2020-06-28,62,US-MA-506
1914,2020-07-05,56,US-MA-506
1915,2020-07-12,47,US-MA-506
1916,2020-07-19,46,US-MA-506
1917,2020-07-26,68,US-MA-506
1918,2020-08-02,66,US-MA-506
1919,2020-08-09,51,US-MA-506
1920,2020-08-16,77,US-MA-506
1921,2020-08-23,57,US-MA-506
1922,2020-08-30,52,US-MA-506
1923,2020-09-06,59,US-MA-506
1924,2020-09-13,50,US-MA-506
1925,2020-09-20,47,US-MA-506
1926,2020-09-27,55,US-MA-506
1927,2020-10-04,42,US-MA-506
1928,2020-10-11,60,US-MA-506
1929,2020-10-18,57,US-MA-506
1930,2020-10-25,58,US-MA-506
1931,2020-11-01,65,US-MA-506
1932,2020-11-08,61,US-MA-506
1933,2020-11-15,80,US-MA-506
1934,2020-11-22,43,US-MA-506
1935,2020-11-29,60,US-MA-506
1936,2020-12-06,61,US-MA-506
1937,2020-12-13,69,US-MA-506
1938,2020-12-20,48,US-MA-506
1939,2020-12-27,64,US-MA-506
1940,2021-01-03,66,US-MA-506
1941,2021-01-10,51,US-MA-506
1942,2021-01-17,46,US-MA-506
1943,2021-01-24,50,US-MA-506
1944,2021-01-31,63,US-MA-506
1945,2021-02-07,75,US-MA-506
1946,2021-02-14,61,US-MA-506
1947,2021-02-21,74,US-MA-506
1948,2021-02-28,75,US-MA-506
1949,2021-03-07,70,US-MA-506
1950,2021-03-14,71,US-MA-506
1951,2021-03-21,75,US-MA-506
1952,2021-03-28,80,US-MA-506
1953,2021-04-04,74,US-MA-506
1954,2021-04-11,76,US-MA-506
1955,2021-04-18,69,US-MA-506
1956,2021-04-25,66,US-MA-506
1957,2021-05-02,83,US-MA-506
1958,2021-05-09,80,US-MA-506
1959,2021-05-16,74,US-MA-506
1960,2021-05-23,78,US-MA-506
1961,2021-05-30,59,US-MA-506
1962,2021-06-06,70,US-MA-506
1963,2021-06-13,78,US-MA-506
1964,2021-06-20,78,US-MA-506
1965,2021-06-27,57,US-MA-506
1966,2021-07-04,71,US-MA-506
1967,2021-07-11,98,US-MA-506
1968,2021-07-18,59,US-MA-506
1969,2021-07-25,70,US-MA-506
1970,2021-08-01,86,US-MA-506
1971,2021-08-08,56,US-MA-506
1972,2021-08-15,52,US-MA-506
1973,2021-08-22,71,US-MA-506
1974,2021-08-29,64,US-MA-506
1975,2020-03-01,67,US-TX-641
1976,2020-03-08,54,US-TX-641
1977,2020-03-15,62,US-TX-641
1978,2020-03-22,74,US-TX-641
1979,2020-03-29,58,US-TX-641
1980,2020-04-05,57,US-TX-641
1981,2020-04-12,42,US-TX-641
1982,2020-04-19,52,US-TX-641
1983,2020-04-26,52,US-TX-641
1984,2020-05-03,38,US-TX-641
1985,2020-05-10,31,US-TX-641
1986,2020-05-17,63,US-TX-641
1987,2020-05-24,47,US-TX-641
1988,2020-05-31,49,US-TX-641
1989,2020-06-07,51,US-TX-641
1990,2020-06-14,36,US-TX-641
1991,2020-06-21,74,US-TX-641
1992,2020-06-28,53,US-TX-641
1993,2020-07-05,43,US-TX-641
1994,2020-07-12,38,US-TX-641
1995,2020-07-19,41,US-TX-641
1996,2020-07-26,35,US-TX-641
1997,2020-08-02,77,US-TX-641
1998,2020-08-09,69,US-TX-641
1999,2020-08-16,69,US-TX-641
2000,2020-08-23,57,US-TX-641
2001,2020-08-30,51,US-TX-641
2002,2020-09-06,53,US-TX-641
2003,2020-09-13,37,US-TX-641
2004,2020-09-20,44,US-TX-641
2005,2020-09-27,47,US-TX-641
2006,2020-10-04,55,US-TX-641
2007,2020-10-11,53,US-TX-641
2008,2020-10-18,44,US-TX-641
2009,2020-10-25,43,US-TX-641
2010,2020-11-01,51,US-TX-641
2011,2020-11-08,42,US-TX-641
2012,2020-11-15,61,US-TX-641
2013,2020-11-22,45,US-TX-641
2014,2020-11-29,35,US-TX-641
2015,2020-12-06,78,US-TX-641
2016,2020-12-13,54,US-TX-641
2017,2020-12-20,43,US-TX-641
2018,2020-12-27,40,US-TX-641
2019,2021-01-03,55,US-TX-641
2020,2021-01-10,45,US-TX-641
2021,2021-01-17,56,US-TX-641
2022,2021-01-24,31,US-TX-641
2023,2021-01-31,49,US-TX-641
2024,2021-02-07,62,US-TX-641
2025,2021-02-14,80,US-TX-641
2026,2021-02-21,42,US-TX-641
2027,2021-02-28,43,US-TX-641
2028,2021-03-07,55,US-TX-641
2029,2021-03-14,59,US-TX-641
2030,2021-03-21,45,US-TX-641
2031,2021-03-28,43,US-TX-641
2032,2021-04-04,57,US-TX-641
2033,2021-04-11,54,US-TX-641
2034,2021-04-18,43,US-TX-641
2035,2021-04-25,60,US-TX-641
2036,2021-05-02,54,US-TX-641
2037,2021-05-09,72,US-TX-641
2038,2021-05-16,100,US-TX-641
2039,2021-05-23,63,US-TX-641
2040,2021-05-30,82,US-TX-641
2041,2021-06-06,81,US-TX-641
2042,2021-06-13,58,US-TX-641
2043,2021-06-20,63,US-TX-641
2044,2021-06-27,47,US-TX-641
2045,2021-07-04,72,US-TX-641
2046,2021-07-11,64,US-TX-641
2047,2021-07-18,67,US-TX-641
2048,2021-07-25,46,US-TX-641
2049,2021-08-01,67,US-TX-641
2050,2021-08-08,90,US-TX-641
2051,2021-08-15,36,US-TX-641
2052,2021-08-22,71,US-TX-641
2053,2021-08-29,53,US-TX-641
2054,2020-03-01,85,US-TX-623
2055,2020-03-08,94,US-TX-623
2056,2020-03-15,100,US-TX-623
2057,2020-03-22,88,US-TX-623
2058,2020-03-29,72,US-TX-623
2059,2020-04-05,64,US-TX-623
2060,2020-04-12,64,US-TX-623
2061,2020-04-19,53,US-TX-623
2062,2020-04-26,58,US-TX-623
2063,2020-05-03,63,US-TX-623
2064,2020-05-10,60,US-TX-623
2065,2020-05-17,62,US-TX-623
2066,2020-05-24,72,US-TX-623
2067,2020-05-31,62,US-TX-623
2068,2020-06-07,61,US-TX-623
2069,2020-06-14,60,US-TX-623
2070,2020-06-21,63,US-TX-623
2071,2020-06-28,74,US-TX-623
2072,2020-07-05,61,US-TX-623
2073,2020-07-12,50,US-TX-623
2074,2020-07-19,53,US-TX-623
2075,2020-07-26,43,US-TX-623
2076,2020-08-02,50,US-TX-623
2077,2020-08-09,58,US-TX-623
2078,2020-08-16,67,US-TX-623
2079,2020-08-23,50,US-TX-623
2080,2020-08-30,52,US-TX-623
2081,2020-09-06,51,US-TX-623
2082,2020-09-13,60,US-TX-623
2083,2020-09-20,49,US-TX-623
2084,2020-09-27,62,US-TX-623
2085,2020-10-04,66,US-TX-623
2086,2020-10-11,54,US-TX-623
2087,2020-10-18,59,US-TX-623
2088,2020-10-25,45,US-TX-623
2089,2020-11-01,52,US-TX-623
2090,2020-11-08,55,US-TX-623
2091,2020-11-15,57,US-TX-623
2092,2020-11-22,61,US-TX-623
2093,2020-11-29,66,US-TX-623
2094,2020-12-06,69,US-TX-623
2095,2020-12-13,47,US-TX-623
2096,2020-12-20,55,US-TX-623
2097,2020-12-27,62,US-TX-623
2098,2021-01-03,44,US-TX-623
2099,2021-01-10,68,US-TX-623
2100,2021-01-17,53,US-TX-623
2101,2021-01-24,72,US-TX-623
2102,2021-01-31,67,US-TX-623
2103,2021-02-07,82,US-TX-623
2104,2021-02-14,78,US-TX-623
2105,2021-02-21,68,US-TX-623
2106,2021-02-28,58,US-TX-623
2107,2021-03-07,59,US-TX-623
2108,2021-03-14,73,US-TX-623
2109,2021-03-21,64,US-TX-623
2110,2021-03-28,65,US-TX-623
2111,2021-04-04,62,US-TX-623
2112,2021-04-11,66,US-TX-623
2113,2021-04-18,56,US-TX-623
2114,2021-04-25,54,US-TX-623
2115,2021-05-02,66,US-TX-623
2116,2021-05-09,60,US-TX-623
2117,2021-05-16,74,US-TX-623
2118,2021-05-23,66,US-TX-623
2119,2021-05-30,74,US-TX-623
2120,2021-06-06,57,US-TX-623
2121,2021-06-13,80,US-TX-623
2122,2021-06-20,77,US-TX-623
2123,2021-06-27,66,US-TX-623
2124,2021-07-04,81,US-TX-623
2125,2021-07-11,89,US-TX-623
2126,2021-07-18,89,US-TX-623
2127,2021-07-25,62,US-TX-623
2128,2021-08-01,80,US-TX-623
2129,2021-08-08,69,US-TX-623
2130,2021-08-15,63,US-TX-623
2131,2021-08-22,77,US-TX-623
2132,2021-08-29,67,US-TX-623
2133,2020-03-01,63,US-CA-825
2134,2020-03-08,58,US-CA-825
2135,2020-03-15,84,US-CA-825
2136,2020-03-22,63,US-CA-825
2137,2020-03-29,66,US-CA-825
2138,2020-04-05,37,US-CA-825
2139,2020-04-12,52,US-CA-825
2140,2020-04-19,46,US-CA-825
2141,2020-04-26,33,US-CA-825
2142,2020-05-03,49,US-CA-825
2143,2020-05-10,42,US-CA-825
2144,2020-05-17,31,US-CA-825
2145,2020-05-24,47,US-CA-825
2146,2020-05-31,43,US-CA-825
2147,2020-06-07,44,US-CA-825
2148,2020-06-14,57,US-CA-825
2149,2020-06-21,44,US-CA-825
2150,2020-06-28,49,US-CA-825
2151,2020-07-05,52,US-CA-825
2152,2020-07-12,38,US-CA-825
2153,2020-07-19,30,US-CA-825
2154,2020-07-26,50,US-CA-825
2155,2020-08-02,40,US-CA-825
2156,2020-08-09,58,US-CA-825
2157,2020-08-16,100,US-CA-825
2158,2020-08-23,51,US-CA-825
2159,2020-08-30,41,US-CA-825
2160,2020-09-06,27,US-CA-825
2161,2020-09-13,44,US-CA-825
2162,2020-09-20,41,US-CA-825
2163,2020-09-27,32,US-CA-825
2164,2020-10-04,44,US-CA-825
2165,2020-10-11,52,US-CA-825
2166,2020-10-18,38,US-CA-825
2167,2020-10-25,55,US-CA-825
2168,2020-11-01,55,US-CA-825
2169,2020-11-08,53,US-CA-825
2170,2020-11-15,46,US-CA-825
2171,2020-11-22,50,US-CA-825
2172,2020-11-29,62,US-CA-825
2173,2020-12-06,38,US-CA-825
2174,2020-12-13,59,US-CA-825
2175,2020-12-20,43,US-CA-825
2176,2020-12-27,54,US-CA-825
2177,2021-01-03,40,US-CA-825
2178,2021-01-10,39,US-CA-825
2179,2021-01-17,41,US-CA-825
2180,2021-01-24,42,US-CA-825
2181,2021-01-31,48,US-CA-825
2182,2021-02-07,53,US-CA-825
2183,2021-02-14,45,US-CA-825
2184,2021-02-21,29,US-CA-825
2185,2021-02-28,52,US-CA-825
2186,2021-03-07,53,US-CA-825
2187,2021-03-14,63,US-CA-825
2188,2021-03-21,50,US-CA-825
2189,2021-03-28,49,US-CA-825
2190,2021-04-04,63,US-CA-825
2191,2021-04-11,68,US-CA-825
2192,2021-04-18,43,US-CA-825
2193,2021-04-25,41,US-CA-825
2194,2021-05-02,47,US-CA-825
2195,2021-05-09,49,US-CA-825
2196,2021-05-16,64,US-CA-825
2197,2021-05-23,63,US-CA-825
2198,2021-05-30,57,US-CA-825
2199,2021-06-06,73,US-CA-825
2200,2021-06-13,71,US-CA-825
2201,2021-06-20,52,US-CA-825
2202,2021-06-27,68,US-CA-825
2203,2021-07-04,49,US-CA-825
2204,2021-07-11,64,US-CA-825
2205,2021-07-18,56,US-CA-825
2206,2021-07-25,49,US-CA-825
2207,2021-08-01,52,US-CA-825
2208,2021-08-08,53,US-CA-825
2209,2021-08-15,48,US-CA-825
2210,2021-08-22,52,US-CA-825
2211,2021-08-29,45,US-CA-825
